{
  "loss": [
    0.04664618939880978,
    0.03673002802353867,
    0.0333871044805587,
    0.031180785560663917,
    0.02936292846096997,
    0.027435487315887002
  ],
  "val_loss": [
    0.04006803861772291,
    0.038420956386774126,
    0.03806386695482437,
    0.03828093791302945,
    0.03873350927351321,
    0.03874487725176281
  ],
  "mae": [
    0.16847724070917627,
    0.14765821368857335,
    0.1402944301987886,
    0.13523854673567873,
    0.13070404620011467,
    0.12614580103252404
  ],
  "val_mae": [
    0.1556068600666329,
    0.15194813536538437,
    0.15061478319739313,
    0.15000919584526234,
    0.15054049022800153,
    0.14995497278351955
  ]
}